ticker_id,ticker_name,ticker_symbol,target,date,14_day_close_price_sma,14_day_close_price_high,14_day_close_price_low,14_day_50_day_sma,14_day_100_day_sma,14_day_200_day_sma
40,Macom Technology Solutions Holding Inc,MTSI.O,BUY,2012-12-13,13.6841285714286,14.43,12.55,12.333476,12.9290594285714,
40,Macom Technology Solutions Holding Inc,MTSI.O,BUY,2013-01-04,14.4414285714286,14.97,13.33,12.7497988571429,12.5824565714286,15.2984765
40,Macom Technology Solutions Holding Inc,MTSI.O,BUY,2013-01-25,14.9821428571429,16.33,14.41,13.480056,12.8137708571429,15.0045354285714
40,Macom Technology Solutions Holding Inc,MTSI.O,BUY,2013-02-14,16.6885714285714,16.94,16.51,14.6671712857143,13.4542422857143,14.6596282857143
40,Macom Technology Solutions Holding Inc,MTSI.O,BUY,2013-03-07,16.4292857142857,16.63,16.14,15.5251978571429,13.9844637142857,14.451564
40,Macom Technology Solutions Holding Inc,MTSI.O,BUY,2013-03-27,16.2178571428571,16.53,16.11,16.0443857142857,14.5475565714286,14.4798515
40,Macom Technology Solutions Holding Inc,MTSI.O,SELL,2013-04-17,14.6785714285714,16.07,13.82,16.1794428571429,15.0604994285714,14.4117532857143
40,Macom Technology Solutions Holding Inc,MTSI.O,SELL,2013-05-07,13.76,14.13,13.19,15.4684,15.2839368571429,14.1457747142857
40,Macom Technology Solutions Holding Inc,MTSI.O,SELL,2013-05-28,13.8714285714286,14.29,13.51,14.7437428571429,15.2592642857143,13.9326425714286
40,Macom Technology Solutions Holding Inc,MTSI.O,SELL,2013-06-17,13.9271428571429,14.45,13.67,14.1148285714286,15.1597928571429,13.9529532857143
40,Macom Technology Solutions Holding Inc,MTSI.O,SELL,2013-07-08,14.1535714285714,14.65,13.76,13.9296714285714,14.9257428571429,14.1424068571429
40,Macom Technology Solutions Holding Inc,MTSI.O,BUY,2013-07-26,14.8985714285714,15.76,13.59,14.0932428571429,14.6207642857143,14.2667675714286
40,Macom Technology Solutions Holding Inc,MTSI.O,BUY,2013-08-15,16.1114285714286,16.67,15.33,14.5762428571429,14.5173928571429,14.4915068571429
40,Macom Technology Solutions Holding Inc,MTSI.O,BUY,2013-09-05,16.2764285714286,16.85,15.7,15.2018857142857,14.5808357142857,14.7886211428571
40,Macom Technology Solutions Holding Inc,MTSI.O,BUY,2013-09-25,16.6309285714286,16.99,16.08,15.87648,14.92214,15.099044
40,Macom Technology Solutions Holding Inc,MTSI.O,BUY,2013-10-15,17.0835714285714,17.86,16.31,16.4434885714286,15.3529514285714,15.3116007142857
40,Macom Technology Solutions Holding Inc,MTSI.O,BUY,2013-11-04,17.6492857142857,18.16,16.9,16.8120457142857,15.8292085714286,15.5022685714286
40,Macom Technology Solutions Holding Inc,MTSI.O,SELL,2013-11-22,15.2557142857143,16.73,13.59,16.87718,16.1813871428571,15.5775685714286
40,Macom Technology Solutions Holding Inc,MTSI.O,SELL,2013-12-13,15.3714285714286,16.0,14.38,16.4790914285714,16.3083942857143,15.4809364285714
40,Macom Technology Solutions Holding Inc,MTSI.O,SELL,2014-01-06,15.9221428571429,17.0,14.74,16.0115857142857,16.30813,15.41429
40,Macom Technology Solutions Holding Inc,MTSI.O,BUY,2014-01-27,16.5792857142857,17.2,16.0,15.7173428571429,16.33278,15.4448792857143
40,Macom Technology Solutions Holding Inc,MTSI.O,BUY,2014-02-14,16.4728571428571,17.44,15.6,15.9874714285714,16.3447728571429,15.60484
40,Macom Technology Solutions Holding Inc,MTSI.O,BUY,2014-03-07,17.1857142857143,19.48,16.04,16.3567,16.3078285714286,15.7982864285714
40,Macom Technology Solutions Holding Inc,MTSI.O,BUY,2014-03-27,20.2778571428571,20.94,19.02,17.2328428571429,16.5518857142857,16.1533042857143
40,Macom Technology Solutions Holding Inc,MTSI.O,BUY,2014-04-16,20.0467857142857,21.57,18.63,18.3527642857143,17.063175,16.6105489285714
40,Macom Technology Solutions Holding Inc,MTSI.O,,2014-05-07,17.7578571428571,18.87,16.69,18.9924285714286,17.5569285714286,16.92524
40,Macom Technology Solutions Holding Inc,MTSI.O,SELL,2014-05-28,16.7435714285714,18.07,15.88,18.8901285714286,17.7757285714286,17.042815
40,Macom Technology Solutions Holding Inc,MTSI.O,BUY,2014-06-17,20.5692857142857,23.02,17.85,18.4291857142857,18.0845142857143,17.2051435714286
40,Macom Technology Solutions Holding Inc,MTSI.O,BUY,2014-07-08,22.5192857142857,23.03,21.03,19.0195642857143,18.8602357142857,17.6041635714286
40,Macom Technology Solutions Holding Inc,MTSI.O,BUY,2014-07-28,20.5914285714286,21.32,19.69,20.0338428571429,19.5503214285714,17.9290357142857
40,Macom Technology Solutions Holding Inc,MTSI.O,,2014-08-15,20.7381428571429,21.45,19.68,21.0413171428571,19.8288514285714,18.16359
40,Macom Technology Solutions Holding Inc,MTSI.O,BUY,2014-09-05,23.0457142857143,24.89,21.47,21.4645085714286,20.0103364285714,18.4923592857143
40,Macom Technology Solutions Holding Inc,MTSI.O,BUY,2014-09-25,24.4492857142857,25.34,22.84,22.0198085714286,20.73559,19.1223592857143
40,Macom Technology Solutions Holding Inc,MTSI.O,SELL,2014-10-15,20.9478571428571,23.29,18.76,22.5680657142857,21.5284257142857,19.6415521428571
40,Macom Technology Solutions Holding Inc,MTSI.O,SELL,2014-11-04,21.5964285714286,21.99,20.95,22.5883,21.9476257142857,19.9765592857143
40,Macom Technology Solutions Holding Inc,MTSI.O,BUY,2014-11-24,23.1292857142857,25.0,22.09,22.3907,22.0050185714286,20.3720307142857
40,Macom Technology Solutions Holding Inc,MTSI.O,BUY,2014-12-15,27.565,30.46,24.83,22.6441857142857,22.4926114285714,20.982395
40,Macom Technology Solutions Holding Inc,MTSI.O,BUY,2015-01-06,31.2078571428571,32.39,28.6,25.087,23.8409657142857,21.8279592857143
40,Macom Technology Solutions Holding Inc,MTSI.O,BUY,2015-01-27,31.0707142857143,34.79,28.41,27.6713142857143,25.1127642857143,22.5362253571429
40,Macom Technology Solutions Holding Inc,MTSI.O,BUY,2015-02-17,32.7032142857143,35.16,29.9,30.2239142857143,26.2582571428571,23.4327485714286
40,Macom Technology Solutions Holding Inc,MTSI.O,BUY,2015-03-09,34.06,35.13,33.21,31.9570142857143,27.7076642857143,24.5731735714286
40,Macom Technology Solutions Holding Inc,MTSI.O,BUY,2015-03-27,36.1828571428571,39.07,33.52,33.0419,29.6669142857143,25.7895057142857
40,Macom Technology Solutions Holding Inc,MTSI.O,BUY,2015-04-17,36.1128571428571,37.38,34.41,34.6126571428571,31.7036,26.8500235714286
40,Macom Technology Solutions Holding Inc,MTSI.O,,2015-05-07,33.1178571428571,34.87,30.47,35.0768285714286,33.0841214285714,27.7240057142857
40,Macom Technology Solutions Holding Inc,MTSI.O,BUY,2015-05-28,36.2264285714286,38.79,34.97,35.1989142857143,33.7674,28.6966642857143
40,Macom Technology Solutions Holding Inc,MTSI.O,BUY,2015-06-17,39.9871428571428,41.94,38.16,35.8761,34.8590357142857,29.9019321428571
40,Macom Technology Solutions Holding Inc,MTSI.O,BUY,2015-07-08,38.6392857142857,42.4,32.95,37.0416285714286,35.9985571428571,31.0483357142857
40,Macom Technology Solutions Holding Inc,MTSI.O,SELL,2015-07-28,32.5971428571429,34.22,29.69,37.4168857142857,36.2146071428571,31.8364571428571
40,Macom Technology Solutions Holding Inc,MTSI.O,SELL,2015-08-17,33.3582142857143,34.46,32.66,36.4729785714286,35.9596964285714,32.6639625
40,Macom Technology Solutions Holding Inc,MTSI.O,SELL,2015-09-04,29.2014285714286,32.08,26.75,34.0688,35.2135571428571,33.3232321428571
40,Macom Technology Solutions Holding Inc,MTSI.O,SELL,2015-09-25,30.2757142857143,31.33,29.09,31.6291285714286,34.4977714285714,33.7263892857143
40,Macom Technology Solutions Holding Inc,MTSI.O,SELL,2015-10-15,29.8864285714286,32.46,28.16,30.6314714285714,33.8871428571429,33.7787535714286
40,Macom Technology Solutions Holding Inc,MTSI.O,BUY,2015-11-04,33.7242857142857,35.79,32.61,30.5081357142857,33.0961357142857,33.8806035714286
40,Macom Technology Solutions Holding Inc,MTSI.O,BUY,2015-11-24,33.7028571428571,37.17,31.54,31.5326714285714,32.14535,34.0111714285714
40,Macom Technology Solutions Holding Inc,MTSI.O,BUY,2015-12-15,36.5485714285714,37.47,35.14,33.0512857142857,32.0893928571428,34.16545
40,Macom Technology Solutions Holding Inc,MTSI.O,BUY,2016-01-06,39.64,42.17,36.97,35.2710428571429,32.8562107142857,34.4337535714286
40,Macom Technology Solutions Holding Inc,MTSI.O,BUY,2016-01-27,37.4378571428571,40.9,34.77,36.5990142857143,33.7488642857143,34.5483321428571
40,Macom Technology Solutions Holding Inc,MTSI.O,,2016-02-17,36.8207142857143,39.69,34.32,37.7332857142857,34.8976857142857,34.7291964285714
40,Macom Technology Solutions Holding Inc,MTSI.O,BUY,2016-03-08,39.1035714285714,42.81,37.25,37.9777428571429,35.9630214285714,34.9823642857143
40,Macom Technology Solutions Holding Inc,MTSI.O,BUY,2016-03-29,42.8378571428571,43.9,41.38,38.6746857142857,37.3366285714286,35.2768857142857
40,Macom Technology Solutions Holding Inc,MTSI.O,BUY,2016-04-18,42.1092857142857,44.64,40.31,40.0780428571429,38.6395928571429,35.4525785714286
40,Macom Technology Solutions Holding Inc,MTSI.O,,2016-05-06,40.0864285714286,42.44,38.55,41.0551714285714,39.4341714285714,35.7299857142857
40,Macom Technology Solutions Holding Inc,MTSI.O,SELL,2016-05-26,36.6307142857143,38.45,34.5,40.9393142857143,39.5466785714286,36.1334410714286
40,Macom Technology Solutions Holding Inc,MTSI.O,SELL,2016-06-16,36.9732142857143,38.09,34.99,39.1620857142857,39.2528142857143,36.4254392857143
40,Macom Technology Solutions Holding Inc,MTSI.O,SELL,2016-07-07,32.8510714285714,34.94,29.805,37.2862857142857,38.8738071428571,36.8200321428571
40,Macom Technology Solutions Holding Inc,MTSI.O,,2016-07-27,36.0417857142857,39.55,34.15,35.5497714285714,38.4345071428571,37.1040428571429
40,Macom Technology Solutions Holding Inc,MTSI.O,BUY,2016-08-16,39.2978571428571,40.3,37.97,35.8742857142857,38.0340785714286,37.5928428571428
40,Macom Technology Solutions Holding Inc,MTSI.O,BUY,2016-09-06,41.5171428571429,43.74,39.13,36.8900714285714,37.66265,38.0603535714286
40,Macom Technology Solutions Holding Inc,MTSI.O,BUY,2016-09-26,41.4378571428571,43.55,40.12,39.2398857142857,37.8061857142857,38.5819214285714
40,Macom Technology Solutions Holding Inc,MTSI.O,BUY,2016-10-14,41.4228571428571,43.53,38.87,40.8108,38.1397714285714,38.8704142857143
40,Macom Technology Solutions Holding Inc,MTSI.O,SELL,2016-11-03,37.5921428571429,38.82,35.74,40.9171857142857,38.5804,38.9200321428571
40,Macom Technology Solutions Holding Inc,MTSI.O,BUY,2016-11-23,42.3285714285714,47.87,37.65,40.2497714285714,39.0222071428571,38.989825
40,Macom Technology Solutions Holding Inc,MTSI.O,BUY,2016-12-14,49.3421428571429,53.22,46.05,41.7341142857143,40.8986642857143,39.6911821428571
40,Macom Technology Solutions Holding Inc,MTSI.O,BUY,2017-01-05,47.6164285714286,49.64,45.97,43.8731285714286,42.4666,40.2842821428571
40,Macom Technology Solutions Holding Inc,MTSI.O,BUY,2017-01-26,47.0528571428571,48.8,45.23,46.2965,43.4334714285714,40.55935
40,Macom Technology Solutions Holding Inc,MTSI.O,,2017-02-15,46.955,48.7,45.44,47.8122714285714,44.1967785714286,40.989825
40,Macom Technology Solutions Holding Inc,MTSI.O,,2017-03-08,47.1,50.01,45.22,47.3287571428571,45.0067785714286,41.5299928571429
40,Macom Technology Solutions Holding Inc,MTSI.O,SELL,2017-03-28,45.8321428571429,47.07,44.57,46.9010571428571,45.8661785714286,42.2139107142857
40,Macom Technology Solutions Holding Inc,MTSI.O,BUY,2017-04-18,49.93,51.38,46.42,47.0222857142857,47.1584142857143,43.0091821428571
40,Macom Technology Solutions Holding Inc,MTSI.O,BUY,2017-05-08,49.2635714285714,54.01,44.72,47.9838285714286,47.8335857142857,44.2214285714286
40,Macom Technology Solutions Holding Inc,MTSI.O,BUY,2017-05-26,54.7792857142857,60.84,47.38,48.8945285714286,47.9877285714286,45.1412571428571
40,Macom Technology Solutions Holding Inc,MTSI.O,BUY,2017-06-16,57.9807142857143,60.97,54.85,52.3212285714286,49.5840142857143,46.4469428571429
40,Macom Technology Solutions Holding Inc,MTSI.O,BUY,2017-07-07,56.9985714285714,60.25,54.48,54.4368857142857,50.9375428571429,47.5173214285714
40,Macom Technology Solutions Holding Inc,MTSI.O,BUY,2017-07-27,61.4121428571429,65.57,57.39,56.9913142857143,52.5629785714286,48.7296964285714
40,Macom Technology Solutions Holding Inc,MTSI.O,SELL,2017-08-16,46.3771428571429,61.06,40.76,57.4166142857143,53.8540214285714,49.7834107142857
40,Macom Technology Solutions Holding Inc,MTSI.O,SELL,2017-09-06,43.0642857142857,45.7,39.67,52.9821142857143,53.2038357142857,50.0887571428572
40,Macom Technology Solutions Holding Inc,MTSI.O,SELL,2017-09-26,43.1278571428571,45.36,41.4,49.2136,52.2256714285714,50.0247714285714
40,Macom Technology Solutions Holding Inc,MTSI.O,SELL,2017-10-16,42.9839285714286,45.48,36.585,44.5220071428571,51.365875,49.6136839285714
40,Macom Technology Solutions Holding Inc,MTSI.O,SELL,2017-11-03,38.7042857142857,40.88,36.06,42.4069142857143,48.91585,49.1364535714286
40,Macom Technology Solutions Holding Inc,MTSI.O,SELL,2017-11-24,34.7978571428571,38.58,30.02,40.82775,46.108675,48.4264160714286
40,Macom Technology Solutions Holding Inc,MTSI.O,SELL,2017-12-14,32.0314285714286,32.79,31.34,37.8076,42.5678428571428,47.4243571428571
40,Macom Technology Solutions Holding Inc,MTSI.O,SELL,2018-01-05,33.8178571428571,36.82,32.54,35.0706357142857,39.0772357142857,46.4536071428571
40,Macom Technology Solutions Holding Inc,MTSI.O,,2018-01-26,34.515,37.13,31.24,33.9183714285714,37.9585142857143,45.640725
